mes,cluster,registros,proporcion
1,1,58,0.17058823529411765
1,2,282,0.8294117647058824
2,1,60,0.19292604501607716
2,2,251,0.8070739549839229
3,1,88,0.26993865030674846
3,2,238,0.7300613496932515
4,1,102,0.34
4,2,198,0.66
5,1,133,0.43042071197411
5,2,176,0.56957928802589
6,1,139,0.4633333333333333
6,2,161,0.5366666666666666
7,1,145,0.46774193548387094
7,2,165,0.532258064516129
8,1,109,0.35275080906148865
8,2,200,0.6472491909385113
9,1,107,0.3566666666666667
9,2,193,0.6433333333333333
10,1,100,0.3225806451612903
10,2,210,0.6774193548387096
11,1,60,0.2
11,2,240,0.8
12,1,47,0.15161290322580645
12,2,263,0.8483870967741935
